spearman,kendall,max_rank_move,n_models
0.9998387356877922,0.9970972423802613,1,53
