subset,n_models,spearman,kendall,max_abs_rank_diff,mean_abs_rank_diff
full,129,0.9999329159212881,0.9978197674418604,2,0.12403100775193798
votes>=1000,129,0.9999329159212881,0.9978197674418604,2,0.12403100775193798
