subset,n_models,spearman,kendall,max_abs_rank_diff,mean_abs_rank_diff
full,129,0.9999776386404295,0.9992732558139535,2,0.046511627906976744
votes>=1000,129,0.9999776386404295,0.9992732558139535,2,0.046511627906976744
