subset,n_models,spearman,kendall,max_abs_rank_diff,mean_abs_rank_diff
full,129,0.9999888193202148,0.999515503875969,1,0.031007751937984496
votes>=1000,129,0.9999888193202148,0.999515503875969,1,0.031007751937984496
