world,true_effect,true_effect_x_mpd,pooled,ci_lo,ci_hi,verdict,n_lat_better,n_windows
"P: lattice-gen u0.8, matched fit",2.311147889075662e-05,0.057778697226891544,7.812647012909203e-05,-0.00010446822259380117,0.00025736909404431,equivalence,7,13
"P': lattice-gen u0.8, fit u0.5855",0.00021043738203617375,0.5260934550904344,0.0002529476555773746,0.00011749333019585714,0.00039374608197819907,equivalence,11,13
"P2: lattice-gen u1.2 skew6, matched fit",-0.0005619745090879309,-1.4049362727198271,-0.0005520064249860551,-0.0007648706475126588,-0.0002825085162348544,bt_positive,3,13
"N: logistic-gen, fit u0.1",-0.00011382706070015749,-0.2845676517503937,-0.00013295115082202996,-0.00018582749818154662,-6.944731502721722e-05,equivalence,2,13
