unit,skew_a,min_kl_nats,x_mpd,best_logistic_scale
0.1,0.0,2.0519983642350538e-06,0.005129995910587634,0.853101872947184
0.4,0.0,1.9712876954327297e-06,0.004928219238581824,0.7905263697385485
0.5855,0.0,3.479443422845157e-06,0.008698608557112892,0.7573233942934192
0.8,0.0,1.1091133837555507e-05,0.027727834593888768,0.7256415460649079
1.2,0.0,3.1104753543633666e-05,0.07776188385908415,0.6920247638003786
0.8,4.0,9.161983640447069e-05,0.2290495910111767,0.45744553582051123
1.2,6.0,4.819089902238198e-05,0.12047724755595494,0.6550309375812046
