unit,n_windows,n_lattice_better,n_bt_better,median_delta,pooled_delta,mpd,consistency_needed,verdict,ci_lo,ci_hi,recent_pooled,recent_ci_lo,recent_ci_hi,recent_n,established_pooled
u0.5855,13,2,11,-4.751583222000491e-05,9.804838476500203e-05,0.0004,10,inconclusive,-6.668674993650411e-05,0.0004885643148939473,-4.84796760739251e-05,-7.216592409328938e-05,-2.5513967694385833e-05,329421,-4.5327942365545374e-05
u0.1,13,1,12,-4.4412410658640706e-05,8.466392115138114e-05,0.0004,10,inconclusive,-7.042251458754724e-05,0.00047019440846051477,-4.387392547560975e-05,-5.970581230871659e-05,-3.8578471033716334e-05,329421,-5.472241060466577e-05
u0.8,13,2,11,-7.457208119376836e-05,5.582441757855986e-05,0.0004,10,inconclusive,-0.00010749702371921318,0.0004397617589586675,-8.588152984499531e-05,-0.00011685900421535899,-6.118193571850604e-05,329421,-9.373282698242436e-05
