world,true_effect,true_effect_x_mpd,pooled,ci_lo,ci_hi,verdict,n_lat_better,n_windows
"P: lattice-gen u0.8, matched fit",5.177145890197967e-05,0.12942864725494918,0.00010850332753921922,-5.684637237964155e-05,0.00027420881451178014,equivalence,7,13
"P': lattice-gen u0.8, fit u0.5855",0.00020800014250082764,0.5200003562520691,0.00024928899876910395,0.00011374017996491354,0.00038926779367791186,equivalence,11,13
"P2: lattice-gen u1.2 skew6, matched fit",-0.0005632907485744012,-1.408226871436003,-0.0005551220552880858,-0.0007672766164090921,-0.0002868804110077674,bt_positive,3,13
"N: logistic-gen, fit u0.1",-0.00011945465058195312,-0.2986366264548828,-0.00013373131173025123,-0.00018888586319790114,-6.452197852844045e-05,equivalence,3,13
