check,spearman,pearson,rmse_raw,rmse_scaled,slope
"A: lattice-gen, native fit",0.9946607341490545,0.9962023884123857,0.08030461471149322,0.07761768847770996,0.9773305820809608
"B: lattice-gen, half-tie fit",0.9946607341490545,0.996302360395772,0.0765951819926662,0.0765911512613308,1.0008855070640608
"C: BT-gen, our logistic fit",0.9982202447163514,0.9980910879012028,0.060603501552369474,0.05505588576856443,0.9723191671427148
C2: ours vs choix max|dtheta|,,,0.0003125298496174933,,
D: ours vs fastchat max resid (Elo pts),,,0.011527693314121734,,
"E: BT-gen, lattice fit",0.9982202447163514,0.9980000957491082,0.14248665657270634,0.05635150269891366,1.1724674527676358
