check,spearman,pearson,rmse_raw,rmse_scaled,slope
"A: lattice-gen, native fit",0.9915461624026695,0.9949514291678236,0.09182573491402286,0.08946507651544178,0.9772077938643465
"B: lattice-gen, half-tie fit",0.9964404894327029,0.9959834899613837,0.07981897588323196,0.0798189569491494,1.0000619243970519
"C: BT-gen, our logistic fit",0.9982202447163514,0.9980910879012028,0.060603501552369474,0.05505588576856443,0.9723191671427148
C2: ours vs choix max|dtheta|,,,0.0003125298496174933,,
D: ours vs fastchat max resid (Elo pts),,,0.011527693314121734,,
"E: BT-gen, lattice fit",0.9986651835372636,0.997369481120928,0.14688669336912802,0.06461793333997039,1.1742057059383266
